<?xml version="1.0" encoding="UTF-8"?>
<project-private xmlns="http://www.netbeans.org/ns/project-private/1">
    <editor-bookmarks xmlns="http://www.netbeans.org/ns/editor-bookmarks/2" lastBookmarkId="0"/>
    <open-files xmlns="http://www.netbeans.org/ns/projectui-open-files/2">
        <group>
            <file>file:/D:/Sagar%20Projects/Final%20year%20student%20project/Project/frauddetection-master/FraudDetectionShopping-COMPLETED%20WITH%20ALL%20FUNCTIONALITY/src/java/com/main/admin/AdminLogin.java</file>
            <file>file:/D:/Sagar%20Projects/Final%20year%20student%20project/Project/frauddetection-master/FraudDetectionShopping-COMPLETED%20WITH%20ALL%20FUNCTIONALITY/script/script.sql</file>
            <file>file:/D:/Sagar%20Projects/Final%20year%20student%20project/Project/frauddetection-master/FraudDetectionShopping-COMPLETED%20WITH%20ALL%20FUNCTIONALITY/web/admin/index.jsp</file>
        </group>
    </open-files>
</project-private>
